Workbook
Name Idx: Painel!$C$6
Name AsOf: Painel!$C$7
Name Ccy: Painel!$C$8
Name EBITDA_act: Painel!$C$12
Name EBITDA_est: Painel!$D$12
Name EPS_act: Painel!$C$13
Name EPS_est: Painel!$D$13
Name Sales_act: Painel!$C$14
Name Sales_est: Painel!$D$14
Name ovAct: Painel!$C$16
Name ovEst: Painel!$C$17

Sheet Instruções
B2: Ibovespa — Crescimento YoY (EBITDA / EPS / Sales) — Bloomberg
B4: O que faz
B5: Monta 5 trimestres em janela ROLLING a partir da 'Data de referência' (Painel!C7 = TODAY() por padrão).
B6: As 4 primeiras barras usam valores REALIZADOS (actuals); a última barra é ESTIMATIVA (consenso).
B7: Cada barra = crescimento YoY = trimestre / mesmo trimestre do ano anterior − 1, do agregado do IBOV.
B9: Como puxa os dados (BDP com override de período)
B10: • Actuals (barras 1–4): BDP(IBOV, campo_actual, EQY_FUND_RELATIVE_PERIOD, '-1FQ'..'-4FQ', EQY_FUND_CRNCY, moeda).
B11: • Estimativa (barra 5): BDP(IBOV, campo_BEST, BEST_FPERIOD_OVERRIDE, '1FQ', ...).
B12: • Denominador YoY (sempre actual): mesmos campos com período do ano anterior ('-5FQ'..'-8FQ' e '-3FQ' p/ a barra estimada).
B13: • Tudo rola sozinho: os overrides de período são relativos e os rótulos vêm da Data de referência.
B15: Campos (edite no Painel se quiser)
B16: • EBITDA: actual=EBITDA / est=BEST_EBITDA | EPS: actual=IS_EPS / est=BEST_EPS | Sales: actual=SALES_REV_TURN / est=BEST_SALES.
... B26: mude ligeiramente a Data de referência. EPS de índice: se IS_EPS não agregar, teste TRAIL_12M_EPS/ BEST_EPS realizado.

Sheet Painel
B2: Ibovespa — Crescimento YoY agregado (EBITDA / EPS / Sales)
B3: Janela rolling de 5 trimestres. As 4 primeiras barras usam ACTUALS; a última é ESTIMATIVA. Dados: Bloomberg.
B5: Parâmetros
B6: Índice | C6: IBOV Index
B7: Data de referência | C7: =TODAY()
B8: Moeda (EQY_FUND_CRNCY) | C8: BRL
B10: Campos Bloomberg
B11: Métrica | C11: Campo ACTUAL | D11: Campo ESTIMATIVA
B12: EBITDA | C12: EBITDA | D12: BEST_EBITDA
B13: EPS | C13: IS_EPS | D13: BEST_EPS
B14: Sales | C14: SALES_REV_TURN | D14: BEST_SALES
B16: Override período — ACTUAL | C16: EQY_FUND_RELATIVE_PERIOD
B17: Override período — ESTIMATIVA | C17: BEST_FPERIOD_OVERRIDE
B20: Crescimento YoY (%)
C21: =Calc!C$6 | D21: =Calc!D$6 | E21: =Calc!E$6 | F21: =Calc!F$6 | G21: =Calc!G$6
B22: EBITDA | C22: =Calc!C$13 | D22: =Calc!D$13 | E22: =Calc!E$13 | F22: =Calc!F$13 | G22: =Calc!G$13
B23: EPS | C23: =Calc!C$17 | D23: =Calc!D$17 | E23: =Calc!E$17 | F23: =Calc!F$17 | G23: =Calc!G$17
B24: Sales | C24: =Calc!C$21 | D24: =Calc!D$21 | E24: =Calc!E$21 | F24: =Calc!F$21 | G24: =Calc!G$21

Sheet Calc
A1: Motor de cálculo (rolling). Não editar salvo necessidade.
A2: barra (j) | C2: 1 | D2: 2 | E2: 3 | F2: 4 | G2: 5
A3: índice trim (qi) | C3: =YEAR(AsOf)*4+ROUNDUP(MONTH(AsOf)/3,0)-1+(C2-5) | D3: =YEAR(AsOf)*4+ROUNDUP(MONTH(AsOf)/3,0)-1+(D2-5) | E3: =YEAR(AsOf)*4+ROUNDUP(MONTH(AsOf)/3,0)-1+(E2-5) | F3: =YEAR(AsOf)*4+ROUNDUP(MONTH(AsOf)/3,0)-1+(F2-5) | G3: =YEAR(AsOf)*4+ROUNDUP(MONTH(AsOf)/3,0)-1+(G2-5)
A4: ano | C4: =INT(C3/4) | D4: =INT(D3/4) | E4: =INT(E3/4) | F4: =INT(F3/4) | G4: =INT(G3/4)
A5: trim (n) | C5: =MOD(C3,4)+1 | D5: =MOD(D3,4)+1 | E5: =MOD(E3,4)+1 | F5: =MOD(F3,4)+1 | G5: =MOD(G3,4)+1
A6: rótulo | C6: =C5&"Q"&TEXT(MOD(C4,100),"00")&IF(C2=5,"E","") | D6: =D5&"Q"&TEXT(MOD(D4,100),"00")&IF(D2=5,"E","") | E6: =E5&"Q"&TEXT(MOD(E4,100),"00")&IF(E2=5,"E","") | F6: =F5&"Q"&TEXT(MOD(F4,100),"00")&IF(F2=5,"E","") | G6: =G5&"Q"&TEXT(MOD(G4,100),"00")&IF(G2=5,"E","")
A7: tipo | C7: =IF(C2=5,"Estimativa","Actual") | D7: =IF(D2=5,"Estimativa","Actual") | E7: =IF(E2=5,"Estimativa","Actual") | F7: =IF(F2=5,"Estimativa","Actual") | G7: =IF(G2=5,"Estimativa","Actual")
A8: override período (num) | C8: =IF(C2=5,"1FQ","-"&(5-C2)&"FQ") | D8: =IF(D2=5,"1FQ","-"&(5-D2)&"FQ") | E8: =IF(E2=5,"1FQ","-"&(5-E2)&"FQ") | F8: =IF(F2=5,"1FQ","-"&(5-F2)&"FQ") | G8: =IF(G2=5,"1FQ","-"&(5-G2)&"FQ")
A9: override período (den YoY) | C9: =IF(C2=5,"-3FQ","-"&(5-C2+4)&"FQ") | D9: =IF(D2=5,"-3FQ","-"&(5-D2+4)&"FQ") | E9: =IF(E2=5,"-3FQ","-"&(5-E2+4)&"FQ") | F9: =IF(F2=5,"-3FQ","-"&(5-F2+4)&"FQ") | G9: =IF(G2=5,"-3FQ","-"&(5-G2+4)&"FQ")
A11: EBITDA num | C11: =IFERROR(IF(C7="Estimativa",BDP(Idx,EBITDA_est,ovEst,C8,"EQY_FUND_CRNCY",Ccy),BDP(Idx,EBITDA_act,ovAct,C8,"EQY_FUND_CRNCY",Ccy)),"") | D11: =IFERROR(IF(D7="Estimativa",BDP(Idx,EBITDA_est,ovEst,D8,"EQY_FUND_CRNCY",Ccy),BDP(Idx,EBITDA_act,ovAct,D8,"EQY_FUND_CRNCY",Ccy)),"") | E11: =IFERROR(IF(E7="Estimativa",BDP(Idx,EBITDA_est,ovEst,E8,"EQY_FUND_CRNCY",Ccy),BDP(Idx,EBITDA_act,ovAct,E8,"EQY_FUND_CRNCY",Ccy)),"") | F11: =IFERROR(IF(F7="Estimativa",BDP(Idx,EBITDA_est,ovEst,F8,"EQY_FUND_CRNCY",Ccy),BDP(Idx,EBITDA_act,ovAct,F8,"EQY_FUND_CRNCY",Ccy)),"") | G11: =IFERROR(IF(G7="Estimativa",BDP(Idx,EBITDA_est,ovEst,G8,"EQY_FUND_CRNCY",Ccy),BDP(Idx,EBITDA_act,ovAct,G8,"EQY_FUND_CRNCY",Ccy)),"")
A12: EBITDA den | C12: =IFERROR(BDP(Idx,EBITDA_act,ovAct,C9,"EQY_FUND_CRNCY",Ccy),"") | D12: =IFERROR(BDP(Idx,EBITDA_act,ovAct,D9,"EQY_FUND_CRNCY",Ccy),"") | E12: =IFERROR(BDP(Idx,EBITDA_act,ovAct,E9,"EQY_FUND_CRNCY",Ccy),"") | F12: =IFERROR(BDP(Idx,EBITDA_act,ovAct,F9,"EQY_FUND_CRNCY",Ccy),"") | G12: =IFERROR(BDP(Idx,EBITDA_act,ovAct,G9,"EQY_FUND_CRNCY",Ccy),"")
A13: EBITDA YoY | C13: =IFERROR(C11/C12-1,"") | D13: =IFERROR(D11/D12-1,"") | E13: =IFERROR(E11/E12-1,"") | F13: =IFERROR(F11/F12-1,"") | G13: =IFERROR(G11/G12-1,"")
A15: EPS num | C15: =IFERROR(IF(C7="Estimativa",BDP(Idx,EPS_est,ovEst,C8,"EQY_FUND_CRNCY",Ccy),BDP(Idx,EPS_act,ovAct,C8,"EQY_FUND_CRNCY",Ccy)),"") | D15: =IFERROR(IF(D7="Estimativa",BDP(Idx,EPS_est,ovEst,D8,"EQY_FUND_CRNCY",Ccy),BDP(Idx,EPS_act,ovAct,D8,"EQY_FUND_CRNCY",Ccy)),"") | E15: =IFERROR(IF(E7="Estimativa",BDP(Idx,EPS_est,ovEst,E8,"EQY_FUND_CRNCY",Ccy),BDP(Idx,EPS_act,ovAct,E8,"EQY_FUND_CRNCY",Ccy)),"") | F15: =IFERROR(IF(F7="Estimativa",BDP(Idx,EPS_est,ovEst,F8,"EQY_FUND_CRNCY",Ccy),BDP(Idx,EPS_act,ovAct,F8,"EQY_FUND_CRNCY",Ccy)),"") | G15: =IFERROR(IF(G7="Estimativa",BDP(Idx,EPS_est,ovEst,G8,"EQY_FUND_CRNCY",Ccy),BDP(Idx,EPS_act,ovAct,G8,"EQY_FUND_CRNCY",Ccy)),"")
A16: EPS den | C16: =IFERROR(BDP(Idx,EPS_act,ovAct,C9,"EQY_FUND_CRNCY",Ccy),"") | D16: =IFERROR(BDP(Idx,EPS_act,ovAct,D9,"EQY_FUND_CRNCY",Ccy),"") | E16: =IFERROR(BDP(Idx,EPS_act,ovAct,E9,"EQY_FUND_CRNCY",Ccy),"") | F16: =IFERROR(BDP(Idx,EPS_act,ovAct,F9,"EQY_FUND_CRNCY",Ccy),"") | G16: =IFERROR(BDP(Idx,EPS_act,ovAct,G9,"EQY_FUND_CRNCY",Ccy),"")
A17: EPS YoY | C17: =IFERROR(C15/C16-1,"") | D17: =IFERROR(D15/D16-1,"") | E17: =IFERROR(E15/E16-1,"") | F17: =IFERROR(F15/F16-1,"") | G17: =IFERROR(G15/G16-1,"")
A19: Sales num | C19: =IFERROR(IF(C7="Estimativa",BDP(Idx,Sales_est,ovEst,C8,"EQY_FUND_CRNCY",Ccy),BDP(Idx,Sales_act,ovAct,C8,"EQY_FUND_CRNCY",Ccy)),"") | D19: =IFERROR(IF(D7="Estimativa",BDP(Idx,Sales_est,ovEst,D8,"EQY_FUND_CRNCY",Ccy),BDP(Idx,Sales_act,ovAct,D8,"EQY_FUND_CRNCY",Ccy)),"") | E19: =IFERROR(IF(E7="Estimativa",BDP(Idx,Sales_est,ovEst,E8,"EQY_FUND_CRNCY",Ccy),BDP(Idx,Sales_act,ovAct,E8,"EQY_FUND_CRNCY",Ccy)),"") | F19: =IFERROR(IF(F7="Estimativa",BDP(Idx,Sales_est,ovEst,F8,"EQY_FUND_CRNCY",Ccy),BDP(Idx,Sales_act,ovAct,F8,"EQY_FUND_CRNCY",Ccy)),"") | G19: =IFERROR(IF(G7="Estimativa",BDP(Idx,Sales_est,ovEst,G8,"EQY_FUND_CRNCY",Ccy),BDP(Idx,Sales_act,ovAct,G8,"EQY_FUND_CRNCY",Ccy)),"")
A20: Sales den | C20: =IFERROR(BDP(Idx,Sales_act,ovAct,C9,"EQY_FUND_CRNCY",Ccy),"") | D20: =IFERROR(BDP(Idx,Sales_act,ovAct,D9,"EQY_FUND_CRNCY",Ccy),"") | E20: =IFERROR(BDP(Idx,Sales_act,ovAct,E9,"EQY_FUND_CRNCY",Ccy),"") | F20: =IFERROR(BDP(Idx,Sales_act,ovAct,F9,"EQY_FUND_CRNCY",Ccy),"") | G20: =IFERROR(BDP(Idx,Sales_act,ovAct,G9,"EQY_FUND_CRNCY",Ccy),"")
A21: Sales YoY | C21: =IFERROR(C19/C20-1,"") | D21: =IFERROR(D19/D20-1,"") | E21: =IFERROR(E19/E20-1,"") | F21: =IFERROR(F19/F20-1,"") | G21: =IFERROR(G19/G20-1,"")
