Workbook
Name StartDate: Painel!$C$6
Name EndDate: Painel!$C$7
Name optPer: Painel!$F$6
Name optFPer: Painel!$F$7
Name optCcy: Painel!$F$8

Sheet Instruções
B2: Revisão de EPS — Setores do MSCI Brazil (Bloomberg)
B4: O que faz
B5: Puxa o histórico do EPS consensus forward (campo BEST_EPS) de cada índice setorial do MSCI Brazil, para o range
B6: de datas definido no Painel, e calcula a REVISÃO no período = EPS final / EPS inicial − 1.
B8: Requisitos
B9: • Excel com o add-in do Bloomberg (BLP/Bloomberg API) instalado e logado no Terminal.
B10: • Sem o add-in, as fórmulas =BDH(...) aparecem como texto / #NAME? — é esperado.
B12: Como usar
B13: 1) Aba 'Painel' → preencha: Data inicial, Data final, Periodicidade (D/W/M/Q), Período fiscal e Moeda.
B14: 2) Confira/edite os tickers setoriais na coluna 'Ticker' (uma única fonte; a aba 'Séries' e as fórmulas usam ela).
B15: 3) Atualize: aba Bloomberg → 'Refresh All' (ou Ctrl+Alt+F9). Os dados descem na aba 'Séries' e o Painel calcula.
B17: Parâmetros
... B36: âncora (linha 4 de cada bloco) VAZIAS para derramar. Não cole nada nessa área; blocos já vêm espaçados.

Sheet Painel
B2: Revisão de EPS — Setores do MSCI Brazil (dados Bloomberg)
B3: Puxa o histórico de BEST_EPS (consenso forward) por setor via BDH e calcula a revisão no período.
B5: Parâmetros | E5: Auxiliar (não editar)
B6: Data inicial | C6: 45658 | E6: opção Per | F6: ="Per="&C8
B7: Data final | C7: 46219 | E7: opção período fiscal | F7: ="BEST_FPERIOD_OVERRIDE="&C9
B8: Periodicidade (D/W/M/Q) | C8: W | E8: opção moeda | F8: ="currency="&C10
B9: Período fiscal (BF/1BF/2BF...) | C9: 1BF
B10: Moeda (BRL/USD/LOCAL) | C10: BRL
B13: Setor | C13: Ticker (verificar no Terminal) | D13: EPS inicial | E13: EPS final | F13: Revisão %
B14: Energia | C14: MXBR0EN Index | D14: =IFERROR(INDEX(Séries!$B$4:$B$3003,MATCH(AGGREGATE(15,6,Séries!$A$4:$A$3003,1),Séries!$A$4:$A$3003,0)),"") | E14: =IFERROR(INDEX(Séries!$B$4:$B$3003,MATCH(AGGREGATE(14,6,Séries!$A$4:$A$3003,1),Séries!$A$4:$A$3003,0)),"") | F14: =IFERROR(E14/D14-1,"")
B15: Materiais | C15: MXBR0MT Index | D15: =IFERROR(INDEX(Séries!$E$4:$E$3003,MATCH(AGGREGATE(15,6,Séries!$D$4:$D$3003,1),Séries!$D$4:$D$3003,0)),"") | E15: =IFERROR(INDEX(Séries!$E$4:$E$3003,MATCH(AGGREGATE(14,6,Séries!$D$4:$D$3003,1),Séries!$D$4:$D$3003,0)),"") | F15: =IFERROR(E15/D15-1,"")
B16: Bens Industriais | C16: MXBR0IN Index | D16: =IFERROR(INDEX(Séries!$H$4:$H$3003,MATCH(AGGREGATE(15,6,Séries!$G$4:$G$3003,1),Séries!$G$4:$G$3003,0)),"") | E16: =IFERROR(INDEX(Séries!$H$4:$H$3003,MATCH(AGGREGATE(14,6,Séries!$G$4:$G$3003,1),Séries!$G$4:$G$3003,0)),"") | F16: =IFERROR(E16/D16-1,"")
B17: Consumo Discricionário | C17: MXBR0CD Index | D17: =IFERROR(INDEX(Séries!$K$4:$K$3003,MATCH(AGGREGATE(15,6,Séries!$J$4:$J$3003,1),Séries!$J$4:$J$3003,0)),"") | E17: =IFERROR(INDEX(Séries!$K$4:$K$3003,MATCH(AGGREGATE(14,6,Séries!$J$4:$J$3003,1),Séries!$J$4:$J$3003,0)),"") | F17: =IFERROR(E17/D17-1,"")
B18: Consumo Básico | C18: MXBR0CS Index | D18: =IFERROR(INDEX(Séries!$N$4:$N$3003,MATCH(AGGREGATE(15,6,Séries!$M$4:$M$3003,1),Séries!$M$4:$M$3003,0)),"") | E18: =IFERROR(INDEX(Séries!$N$4:$N$3003,MATCH(AGGREGATE(14,6,Séries!$M$4:$M$3003,1),Séries!$M$4:$M$3003,0)),"") | F18: =IFERROR(E18/D18-1,"")
B19: Saúde | C19: MXBR0HC Index | D19: =IFERROR(INDEX(Séries!$Q$4:$Q$3003,MATCH(AGGREGATE(15,6,Séries!$P$4:$P$3003,1),Séries!$P$4:$P$3003,0)),"") | E19: =IFERROR(INDEX(Séries!$Q$4:$Q$3003,MATCH(AGGREGATE(14,6,Séries!$P$4:$P$3003,1),Séries!$P$4:$P$3003,0)),"") | F19: =IFERROR(E19/D19-1,"")
B20: Financeiro | C20: MXBR0FN Index | D20: =IFERROR(INDEX(Séries!$T$4:$T$3003,MATCH(AGGREGATE(15,6,Séries!$S$4:$S$3003,1),Séries!$S$4:$S$3003,0)),"") | E20: =IFERROR(INDEX(Séries!$T$4:$T$3003,MATCH(AGGREGATE(14,6,Séries!$S$4:$S$3003,1),Séries!$S$4:$S$3003,0)),"") | F20: =IFERROR(E20/D20-1,"")
B21: Tecnologia da Informação | C21: MXBR0IT Index | D21: =IFERROR(INDEX(Séries!$W$4:$W$3003,MATCH(AGGREGATE(15,6,Séries!$V$4:$V$3003,1),Séries!$V$4:$V$3003,0)),"") | E21: =IFERROR(INDEX(Séries!$W$4:$W$3003,MATCH(AGGREGATE(14,6,Séries!$V$4:$V$3003,1),Séries!$V$4:$V$3003,0)),"") | F21: =IFERROR(E21/D21-1,"")
B22: Serviços de Comunicação | C22: MXBR0TC Index | D22: =IFERROR(INDEX(Séries!$Z$4:$Z$3003,MATCH(AGGREGATE(15,6,Séries!$Y$4:$Y$3003,1),Séries!$Y$4:$Y$3003,0)),"") | E22: =IFERROR(INDEX(Séries!$Z$4:$Z$3003,MATCH(AGGREGATE(14,6,Séries!$Y$4:$Y$3003,1),Séries!$Y$4:$Y$3003,0)),"") | F22: =IFERROR(E22/D22-1,"")
B23: Utilities (Serv. Públicos) | C23: MXBR0UT Index | D23: =IFERROR(INDEX(Séries!$AC$4:$AC$3003,MATCH(AGGREGATE(15,6,Séries!$AB$4:$AB$3003,1),Séries!$AB$4:$AB$3003,0)),"") | E23: =IFERROR(INDEX(Séries!$AC$4:$AC$3003,MATCH(AGGREGATE(14,6,Séries!$AB$4:$AB$3003,1),Séries!$AB$4:$AB$3003,0)),"") | F23: =IFERROR(E23/D23-1,"")
B24: Imobiliário | C24: MXBR0RE Index | D24: =IFERROR(INDEX(Séries!$AF$4:$AF$3003,MATCH(AGGREGATE(15,6,Séries!$AE$4:$AE$3003,1),Séries!$AE$4:$AE$3003,0)),"") | E24: =IFERROR(INDEX(Séries!$AF$4:$AF$3003,MATCH(AGGREGATE(14,6,Séries!$AE$4:$AE$3003,1),Séries!$AE$4:$AE$3003,0)),"") | F24: =IFERROR(E24/D24-1,"")
B25: MSCI Brazil (total) | C25: MXBR Index | D25: =IFERROR(INDEX(Séries!$AI$4:$AI$3003,MATCH(AGGREGATE(15,6,Séries!$AH$4:$AH$3003,1),Séries!$AH$4:$AH$3003,0)),"") | E25: =IFERROR(INDEX(Séries!$AI$4:$AI$3003,MATCH(AGGREGATE(14,6,Séries!$AH$4:$AH$3003,1),Séries!$AH$4:$AH$3003,0)),"") | F25: =IFERROR(E25/D25-1,"")
B27: Obs.: valores aparecem após atualizar via add-in Bloomberg (Refresh All). Confira os tickers setoriais no Terminal.

Sheet Séries
A1: Energia | D1: Materiais | G1: Bens Industriais | J1: Consumo Discricionário | M1: Consumo Básico | P1: Saúde | S1: Financeiro | V1: Tecnologia da Informação | Y1: Serviços de Comunicação | AB1: Utilities (Serv. Públicos) | AE1: Imobiliário | AH1: MSCI Brazil (total)
A2: =Painel!$C$14 | D2: =Painel!$C$15 | G2: =Painel!$C$16 | J2: =Painel!$C$17 | M2: =Painel!$C$18 | P2: =Painel!$C$19 | S2: =Painel!$C$20 | V2: =Painel!$C$21 | Y2: =Painel!$C$22 | AB2: =Painel!$C$23 | AE2: =Painel!$C$24 | AH2: =Painel!$C$25
A3: Data | B3: BEST_EPS (fwd) | D3: Data | E3: BEST_EPS (fwd) | G3: Data | H3: BEST_EPS (fwd) | J3: Data | K3: BEST_EPS (fwd) | M3: Data | N3: BEST_EPS (fwd) | P3: Data | Q3: BEST_EPS (fwd) | S3: Data | T3: BEST_EPS (fwd) | V3: Data | W3: BEST_EPS (fwd) | Y3: Data | Z3: BEST_EPS (fwd) | AB3: Data | AC3: BEST_EPS (fwd) | AE3: Data | AF3: BEST_EPS (fwd) | AH3: Data | AI3: BEST_EPS (fwd)
A4: =BDH(Painel!$C$14,"BEST_EPS",StartDate,EndDate,optPer,optFPer,optCcy,"Fill=P") | D4: =BDH(Painel!$C$15,"BEST_EPS",StartDate,EndDate,optPer,optFPer,optCcy,"Fill=P") | G4: =BDH(Painel!$C$16,"BEST_EPS",StartDate,EndDate,optPer,optFPer,optCcy,"Fill=P") | J4: =BDH(Painel!$C$17,"BEST_EPS",StartDate,EndDate,optPer,optFPer,optCcy,"Fill=P") | M4: =BDH(Painel!$C$18,"BEST_EPS",StartDate,EndDate,optPer,optFPer,optCcy,"Fill=P") | P4: =BDH(Painel!$C$19,"BEST_EPS",StartDate,EndDate,optPer,optFPer,optCcy,"Fill=P") | S4: =BDH(Painel!$C$20,"BEST_EPS",StartDate,EndDate,optPer,optFPer,optCcy,"Fill=P") | V4: =BDH(Painel!$C$21,"BEST_EPS",StartDate,EndDate,optPer,optFPer,optCcy,"Fill=P") | Y4: =BDH(Painel!$C$22,"BEST_EPS",StartDate,EndDate,optPer,optFPer,optCcy,"Fill=P") | AB4: =BDH(Painel!$C$23,"BEST_EPS",StartDate,EndDate,optPer,optFPer,optCcy,"Fill=P") | AE4: =BDH(Painel!$C$24,"BEST_EPS",StartDate,EndDate,optPer,optFPer,optCcy,"Fill=P") | AH4: =BDH(Painel!$C$25,"BEST_EPS",StartDate,EndDate,optPer,optFPer,optCcy,"Fill=P")
